Sample ID,Sample Number
S7_TGTC,1
S10_AGTG,2
S13_CTAC,3
S16_GTGT,4
S14_TGTC,5
S14_TCAC,8
S11_ACCA,9
S9_AGAC,10
S14_CTAC,11
S13_TGTC,12
S12_TCAG,13
S7_ACCA,14
S8_CATC,15
S10_AGAC,16
S9_ACCA,17
S10_TCAC,20
S16_AGTG,21
S6_GCTT,22
S11_TCAC,24
S13_CATC,26
S12_AGAC,27
S13_AGAC,28
S17_AGAC,29
S11_GACT,30
S13_TCAG,31
S8_GACT,32
S12_CATC,33
S9_GTGA,34
S16_CATC,35
S16_GTGA,36
S15_GTGT,37
S15_ACCA,38
S15_GCTT,39
S17_ACCA,40
S12_AGTG,41
S8_TCAC,42
S15_GTGA,43
S17_AGTG,44
S15_CTAC,45
S13_GACT,46
S16_TCAG,47
S15_AGTG,48
S12_GCTT,49
S15_TCAC,50
S15_TGTC,51
S15_GACT,52
S8_CTAC,53
S16_GCTT,54
S16_CTAC,55
S15_AGAC,56
S13_TCAC,57
S16_TGTC,58
S17_CATC,59
S17_GTGA,60
S9_CTAC,61
S16_TCAC,62
S16_GACT,64
S17_TCAG,65
S13_GTGA,66
S17_GCTT,67
S8_TGTC,68
S3_AGAC,10A
S11_AGTG,10B
S11_CATC,11A
S11_GTGA,11B
S12_TGTC,12A
S12_TCAC,12B
S7_AGTG,13A
S11_TCAG,13B
S11_GCTT,14A
S7_AGAC,50B
S8_GTGA,15A
S8_TCAG,15B
S11_CTAC,15C
S2_GCTT,16A
S2_CTAC,16B
S9_AGTG,17A
S4_GTGA,17B
S9_GACT,1A
S10_GTGT,1B
S3_ACCA,20A
S11_TGTC,20B
S5_GACT,21A
S5_GTGT,21B
S7_TCAG,22A
S7_GCTT,22B
S5_TCAC,24A
S7_GTGA,24B
S6_ACCA,26A
S6_AGTG,26B
S4_TCAG,27A
S12_GTGA,27B
S14_GTGT,28A
S8_GCTT,28B
S14_AGAC,29A
S14_ACCA,29B
S14_AGTG,29C
S12_CTAC,2A
S11_GTGT,2B
S12_ACCA,30 replic.
S3_AGTG,30A
S3_GTGA,30B
S7_TCAC,31A
S14_CATC,31B
S10_TCAG,32A
S10_GCTT,32B
S14_GTGA,32C
S13_ACCA,33A
S13_AGTG,33B
S9_CATC,33C
S7_CTAC,34A
S14_TCAG,34B
S12_GACT,35A
S3_GCTT,35B
S3_CTAC,35C
S9_TCAG,36A
S8_AGAC,36B
S4_GCTT,37A
S4_CTAC,37B
S16_AGAC,37B replic.
S2_GTGT,38A
S2_AGAC,38B
S10_GACT,39A
S9_TCAC,39B
S10_CATC,3A
S10_GTGA,3B
S3_TCAG,40A
S14_GACT,40B
S6_TCAG,41A
S4_GACT,41A replic.
S7_CATC,41B
S10_TGTC,42A
S14_GCTT,42B
S5_GTGA,43A
S1_ACCA,43A replic.
S6_CTAC,43B
S5_AGAC,44A
S5_ACCA,44B
S1_AGTG,45A
S1_CATC,45B
S2_TGTC,46A
S2_TCAC,46B
S1_TGTC,47A
S1_TCAC,47B
S6_GTGT,48A
S2_TCAG,48B
S15_CATC,49A
S9_GCTT,49B
S15_TCAG,4A
S13_GTGT,4B
S2_ACCA,50A
S2_AGTG,14B
S8_ACCA,51A
S8_AGTG,51B
S5_GCTT,52A
S5_CTAC,52B
S7_GACT,53A
S1_TCAG,53B
S3_TGTC,54A
S3_TCAC,54B
S3_GACT,54C
S9_TGTC,55A
S2_GACT,55B
S6_CATC,56A
S6_GTGA,56B
S5_AGTG,57A
S5_CATC,57B
S1_GTGA,58A
S6_TGTC,58B
S6_TCAC,58C
S10_ACCA,59A
S6_AGAC,59B
S11_AGAC,5A
S3_GTGT,5B
S3_CATC,5C
S1_GCTT,60A
S1_CTAC,60B
S13_GCTT,61A
S4_GTGT,61B
S4_AGAC,61C
S4_ACCA,62A
S4_AGTG,62B
S4_CATC,62C
S5_TGTC,63A
S16_ACCA,63B
S2_CATC,64A
S1_GACT,64B
S1_GTGT,65A
S1_AGAC,65B
S5_TCAG,65B replic.
S8_GTGT,66A
S2_GTGA,66B
S10_CTAC,67A
S12_GTGT,67B
S7_GTGT,68A
S6_GACT,68B
S4_TGTC,8A
S4_TCAC,8B
S9_GTGT,9A
S17_GTGT,9B
